Datetime,Water Level (m)
2025-12-04 00:00:00,0.518019
2025-12-04 01:00:00,0.3585881
2025-12-04 02:00:00,0.15223564
2025-12-04 03:00:00,0.006773979
2025-12-04 04:00:00,-0.05881563
2025-12-04 05:00:00,-0.096825026
2025-12-04 06:00:00,-0.13975872
2025-12-04 07:00:00,-0.1698711
2025-12-04 08:00:00,0.0016166545
2025-12-04 09:00:00,0.29002905
2025-12-04 10:00:00,0.48892966
2025-12-04 11:00:00,0.6005093
2025-12-04 12:00:00,0.56844455
2025-12-04 13:00:00,0.37661362
2025-12-04 14:00:00,0.19366054
2025-12-04 15:00:00,0.06376871
2025-12-04 16:00:00,-0.023665642
2025-12-04 17:00:00,-0.07016432
2025-12-04 18:00:00,-0.11914989
2025-12-04 19:00:00,-0.14349979
2025-12-04 20:00:00,0.106115066
2025-12-04 21:00:00,0.4163382
2025-12-04 22:00:00,0.65291554
2025-12-04 23:00:00,0.8065567
2025-12-05 00:00:00,0.85000604
2025-12-05 01:00:00,0.735904
2025-12-05 02:00:00,0.5255544
2025-12-05 03:00:00,0.3222382
2025-12-05 04:00:00,0.2042198
2025-12-05 05:00:00,0.14209305
2025-12-05 06:00:00,0.087109864
2025-12-05 07:00:00,0.024814641
2025-12-05 08:00:00,-0.014745082
2025-12-05 09:00:00,0.1900517
2025-12-05 10:00:00,0.46778724
2025-12-05 11:00:00,0.66301286
2025-12-05 12:00:00,0.732158
2025-12-05 13:00:00,0.647767
2025-12-05 14:00:00,0.43079266
2025-12-05 15:00:00,0.27838
2025-12-05 16:00:00,0.15447201
2025-12-05 17:00:00,0.071089305
2025-12-05 18:00:00,0.009571945
2025-12-05 19:00:00,-0.046978123
2025-12-05 20:00:00,-0.064079486
2025-12-05 21:00:00,0.23535626
2025-12-05 22:00:00,0.53613776
2025-12-05 23:00:00,0.7710734
2025-12-06 00:00:00,0.90842485
2025-12-06 01:00:00,0.9121314
2025-12-06 02:00:00,0.74797004
2025-12-06 03:00:00,0.523204
2025-12-06 04:00:00,0.34586832
2025-12-06 05:00:00,0.23924223
2025-12-06 06:00:00,0.18256983
2025-12-06 07:00:00,0.122104496
2025-12-06 08:00:00,0.05983063
2025-12-06 09:00:00,0.02851627
2025-12-06 10:00:00,0.2638958
2025-12-06 11:00:00,0.5232211
2025-12-06 12:00:00,0.70727223
2025-12-06 13:00:00,0.7495028
2025-12-06 14:00:00,0.6299746
2025-12-06 15:00:00,0.42162138
2025-12-06 16:00:00,0.27770454
2025-12-06 17:00:00,0.1609607
2025-12-06 18:00:00,0.079022564
2025-12-06 19:00:00,0.014200951
2025-12-06 20:00:00,-0.041574296
2025-12-06 21:00:00,-0.020826839
2025-12-06 22:00:00,0.31456244
2025-12-06 23:00:00,0.5936774
2025-12-07 00:00:00,0.81025386
2025-12-07 01:00:00,0.9283495
2025-12-07 02:00:00,0.89720994
2025-12-07 03:00:00,0.7058645
2025-12-07 04:00:00,0.48445615
2025-12-07 05:00:00,0.32500106
2025-12-07 06:00:00,0.23110373
2025-12-07 07:00:00,0.17611565
2025-12-07 08:00:00,0.11171901
2025-12-07 09:00:00,0.05160295
2025-12-07 10:00:00,0.0556102
2025-12-07 11:00:00,0.32557967
2025-12-07 12:00:00,0.5650183
2025-12-07 13:00:00,0.71826756
2025-12-07 14:00:00,0.73161674
2025-12-07 15:00:00,0.5832254
2025-12-07 16:00:00,0.39061728
2025-12-07 17:00:00,0.2547892
2025-12-07 18:00:00,0.14676653
2025-12-07 19:00:00,0.06896458
2025-12-07 20:00:00,0.0064422884
2025-12-07 21:00:00,-0.044600103
2025-12-07 22:00:00,0.034122974
2025-12-07 23:00:00,0.38132167
2025-12-08 00:00:00,0.6407621
2025-12-08 01:00:00,0.83032054
2025-12-08 02:00:00,0.911493
2025-12-08 03:00:00,0.83046687
2025-12-08 04:00:00,0.6199316
2025-12-08 05:00:00,0.41877982
2025-12-08 06:00:00,0.27989063
2025-12-08 07:00:00,0.20343643
2025-12-08 08:00:00,0.14738499
2025-12-08 09:00:00,0.08527026
2025-12-08 10:00:00,0.029581726
2025-12-08 11:00:00,0.078338526
2025-12-08 12:00:00,0.34595788
2025-12-08 13:00:00,0.57687575
2025-12-08 14:00:00,0.70976037
2025-12-08 15:00:00,0.7125096
2025-12-08 16:00:00,0.5536488
2025-12-08 17:00:00,0.3712396
2025-12-08 18:00:00,0.23783213
2025-12-08 19:00:00,0.13520688
2025-12-08 20:00:00,0.06062903
2025-12-08 21:00:00,-2.6231146e-05
2025-12-08 22:00:00,-0.037915308
2025-12-08 23:00:00,0.13217545
2025-12-09 00:00:00,0.44107544
2025-12-09 01:00:00,0.6742749
2025-12-09 02:00:00,0.827671
2025-12-09 03:00:00,0.8737266
2025-12-09 04:00:00,0.7593668
2025-12-09 05:00:00,0.54670644
2025-12-09 06:00:00,0.3679085
2025-12-09 07:00:00,0.2452481
2025-12-09 08:00:00,0.1797852
2025-12-09 09:00:00,0.1221045
2025-12-09 10:00:00,0.06162103
2025-12-09 11:00:00,0.013176265
2025-12-09 12:00:00,0.10737587
2025-12-09 13:00:00,0.35452336
2025-12-09 14:00:00,0.57190657
2025-12-09 15:00:00,0.68315864
2025-12-09 16:00:00,0.67624956
2025-12-09 17:00:00,0.51350164
2025-12-09 18:00:00,0.34354657
2025-12-09 19:00:00,0.21384078
2025-12-09 20:00:00,0.11502519
2025-12-09 21:00:00,0.044364996
2025-12-09 22:00:00,-0.01174475
2025-12-09 23:00:00,-0.03148299
2025-12-10 00:00:00,0.17539793
